{
  "GetEmployeeIdData" : {
    "transaction" : "GetEmployeeIdData",
    "sampleCount" : 15,
    "errorCount" : 6,
    "errorPct" : 40.0,
    "meanResTime" : 830.1333333333333,
    "medianResTime" : 806.0,
    "minResTime" : 750.0,
    "maxResTime" : 911.0,
    "pct1ResTime" : 906.8,
    "pct2ResTime" : 911.0,
    "pct3ResTime" : 911.0,
    "throughput" : 2.0458265139116203,
    "receivedKBytesPerSec" : 16.60449272026732,
    "sentKBytesPerSec" : 0.2916901084288052
  },
  "Total" : {
    "transaction" : "Total",
    "sampleCount" : 53,
    "errorCount" : 10,
    "errorPct" : 18.867924,
    "meanResTime" : 606.7169811320756,
    "medianResTime" : 755.0,
    "minResTime" : 57.0,
    "maxResTime" : 915.0,
    "pct1ResTime" : 882.0,
    "pct2ResTime" : 906.1,
    "pct3ResTime" : 915.0,
    "throughput" : 6.782697722037369,
    "receivedKBytesPerSec" : 33.13063891732787,
    "sentKBytesPerSec" : 1.570948377911441
  },
  "GetEmployeeData" : {
    "transaction" : "GetEmployeeData",
    "sampleCount" : 15,
    "errorCount" : 0,
    "errorPct" : 0.0,
    "meanResTime" : 136.26666666666665,
    "medianResTime" : 70.0,
    "minResTime" : 57.0,
    "maxResTime" : 479.0,
    "pct1ResTime" : 413.00000000000006,
    "pct2ResTime" : 479.0,
    "pct3ResTime" : 479.0,
    "throughput" : 2.1358393848782575,
    "receivedKBytesPerSec" : 6.939392220205041,
    "sentKBytesPerSec" : 0.3024381941478001
  },
  "CreateUser" : {
    "transaction" : "CreateUser",
    "sampleCount" : 9,
    "errorCount" : 0,
    "errorPct" : 0.0,
    "meanResTime" : 762.7777777777778,
    "medianResTime" : 755.0,
    "minResTime" : 708.0,
    "maxResTime" : 915.0,
    "pct1ResTime" : 915.0,
    "pct2ResTime" : 915.0,
    "pct3ResTime" : 915.0,
    "throughput" : 1.5974440894568689,
    "receivedKBytesPerSec" : 0.968589146254881,
    "sentKBytesPerSec" : 0.6598816892971245
  },
  "DeleteUser" : {
    "transaction" : "DeleteUser",
    "sampleCount" : 5,
    "errorCount" : 0,
    "errorPct" : 0.0,
    "meanResTime" : 743.8,
    "medianResTime" : 741.0,
    "minResTime" : 727.0,
    "maxResTime" : 772.0,
    "pct1ResTime" : 772.0,
    "pct2ResTime" : 772.0,
    "pct3ResTime" : 772.0,
    "throughput" : 1.1823126034523528,
    "receivedKBytesPerSec" : 0.7089257212106881,
    "sentKBytesPerSec" : 0.27364070997871837
  },
  "UpdateUser" : {
    "transaction" : "UpdateUser",
    "sampleCount" : 9,
    "errorCount" : 4,
    "errorPct" : 44.444443,
    "meanResTime" : 786.2222222222222,
    "medianResTime" : 789.0,
    "minResTime" : 733.0,
    "maxResTime" : 857.0,
    "pct1ResTime" : 857.0,
    "pct2ResTime" : 857.0,
    "pct3ResTime" : 857.0,
    "throughput" : 1.5728766165676338,
    "receivedKBytesPerSec" : 13.972080074711638,
    "sentKBytesPerSec" : 0.5483563985494582
  }
}